{"name":"1f215062-acfd-489a-aed5-b02c413b2e92","id":"/providers/Microsoft.Flow/flows/1f215062-acfd-489a-aed5-b02c413b2e92","type":"Microsoft.Flow/flows","properties":{"apiId":"/providers/Microsoft.PowerApps/apis/shared_logicflows","displayName":"PowerApp Car Rating V2","definition":{"metadata":{"workflowEntityId":null,"processAdvisorMetadata":null,"flowclientsuspensionreason":"None","flowclientsuspensiontime":null,"creator":{"id":"184bcf7f-5e8d-4ebb-ae92-6fe27592f95b","type":"User","tenantId":"ce968150-fff1-4ec2-9f28-9f616c8102ec"},"provisioningMethod":"FromDefinition","failureAlertSubscription":true,"clientLastModifiedTime":"2022-03-02T22:15:17.4375285Z"},"$schema":"https://schema.management.azure.com/providers/Microsoft.Logic/schemas/2016-06-01/workflowdefinition.json#","contentVersion":"1.0.0.0","parameters":{"$authentication":{"defaultValue":{},"type":"SecureObject"}},"triggers":{"manual":{"metadata":{"operationMetadataId":"dfd03a84-3a19-408a-8883-1ea76f6fb03e"},"type":"Request","kind":"PowerAppV2","inputs":{"schema":{"type":"object","properties":{"text":{"title":"CarBrand","type":"string","x-ms-dynamically-added":true,"description":"Please enter your input","x-ms-content-hint":"TEXT"}},"required":["text"]}}}},"actions":{"Initialize_variable":{"runAfter":{},"metadata":{"operationMetadataId":"bb205428-1c2e-401b-9e59-c69c7abb3b43"},"type":"InitializeVariable","inputs":{"variables":[{"name":"Rating","type":"string"}]}},"Switch":{"runAfter":{"Initialize_variable":["Succeeded"]},"cases":{"Case":{"case":"BMW","actions":{"Set_variable":{"runAfter":{},"type":"SetVariable","inputs":{"name":"Rating","value":"EXCELLENT"}}}}},"default":{"actions":{"Set_variable_2":{"runAfter":{},"type":"SetVariable","inputs":{"name":"Rating","value":"OK"}}}},"expression":"@triggerBody()['text']","metadata":{"operationMetadataId":"ba75c760-8813-40bc-aaee-91b0c9defc28"},"type":"Switch"},"Respond_to_a_PowerApp_or_flow":{"runAfter":{"Switch":["Succeeded"]},"metadata":{"operationMetadataId":"ac2fdea3-786e-4a3a-bc5c-cd993f65b9a8"},"type":"Response","kind":"PowerApp","inputs":{"statusCode":200,"body":{"rating":"@variables('Rating')"},"schema":{"type":"object","properties":{"rating":{"title":"Rating","x-ms-dynamically-added":true,"type":"string"}}}}}}},"connectionReferences":{},"flowFailureAlertSubscribed":false}}