<ImportExportXml xmlns:xsi="http://www.w3.org/2001/XMLSchema-instance">
  <Entities></Entities>
  <Roles></Roles>
  <Workflows></Workflows>
  <FieldSecurityProfiles></FieldSecurityProfiles>
  <Templates />
  <EntityMaps />
  <EntityRelationships />
  <OrganizationSettings />
  <optionsets />
  <CustomControls />
  <EntityDataProviders />
  <CanvasApps>
    <CanvasApp>
      <Name>new_insta_8ce55</Name>
      <AppVersion>2022-08-04T19:30:01Z</AppVersion>
      <Status>Ready</Status>
      <CreatedByClientVersion>3.22072.25.0</CreatedByClientVersion>
      <MinClientVersion>3.22072.25.0</MinClientVersion>
      <Tags>{"primaryDeviceWidth":"1024","primaryDeviceHeight":"768","supportsPortrait":"false","supportsLandscape":"true","primaryFormFactor":"Tablet","publisherVersion":"3.22072.25","minimumRequiredApiVersion":"2.2.0","hasComponent":"false","hasUnlockedComponent":"false","isUnifiedRootApp":"false","sienaVersion":"20220804T193001Z-3.22072.25.0"}</Tags>
      <IsCdsUpgraded>0</IsCdsUpgraded>
      <GalleryItemId xsi:nil="true"></GalleryItemId>
      <BackgroundColor>RGBA(0,176,240,1)</BackgroundColor>
      <DisplayName>Insta</DisplayName>
      <Description xsi:nil="true"></Description>
      <CommitMessage xsi:nil="true"></CommitMessage>
      <Publisher xsi:nil="true"></Publisher>
      <AuthorizationReferences>[]</AuthorizationReferences>
      <ConnectionReferences>{"619c003f-1ffb-4b05-8961-93509c2d77b3":{"id":"/providers/microsoft.powerapps/apis/shared_excel","displayName":"Excel","iconUri":"https://connectoricons-prod.azureedge.net/releases/v1.0.1570/1.0.1570.2764/excel/icon.png","dataSources":["Categories","Products","Reviews","Assets","Filterby"],"dependencies":["1e170c6c-7add-4880-9d46-2abafbb009cd"],"dependents":[],"parameterHints":{"1e170c6c-7add-4880-9d46-2abafbb009cd":{"value":"fileSource"}},"parameterHintsV2":{"fileSource":{"value":"1e170c6c-7add-4880-9d46-2abafbb009cd"}},"isOnPremiseConnection":false,"dataSets":{"b!SJdY87vVp0e0w5OcsWekip0b40h_dJZCpb0_7CwVPtO018DulhM_RIyb1tmK73ip.01A4P7C7SRBV2VYMNA3RCZMRGFUSLGDWF5":{"dataSources":{"Categories":{"tableName":"Categories"},"Products":{"tableName":"Products"},"Reviews":{"tableName":"Reviews"},"Assets":{"tableName":"Assets"},"Filterby":{"tableName":"Filterby"}}}},"apiTier":"Standard","actions":["providers/PowerPlatform.Governance/Operations/Read"]},"1e170c6c-7add-4880-9d46-2abafbb009cd":{"id":"/providers/microsoft.powerapps/apis/shared_onedriveforbusiness","displayName":"OneDrive for Business","iconUri":"https://connectoricons-prod.azureedge.net/releases/v1.0.1546/1.0.1546.2665/onedriveforbusiness/icon.png","dataSources":[],"dependencies":[],"dependents":["619c003f-1ffb-4b05-8961-93509c2d77b3"],"parameterHints":{},"parameterHintsV2":{},"isOnPremiseConnection":false,"dataSets":{},"apiTier":"Standard"}}</ConnectionReferences>
      <DatabaseReferences>{}</DatabaseReferences>
      <AppComponents>[]</AppComponents>
      <AppComponentDependencies>[]</AppComponentDependencies>
      <CanConsumeAppPass>1</CanConsumeAppPass>
      <CanvasAppType>0</CanvasAppType>
      <BypassConsent>0</BypassConsent>
      <AdminControlBypassConsent>0</AdminControlBypassConsent>
      <EmbeddedApp xsi:nil="true"></EmbeddedApp>
      <IntroducedVersion>1.0</IntroducedVersion>
      <CdsDependencies>{"cdsdependencies":[]}</CdsDependencies>
      <IsCustomizable>1</IsCustomizable>
      <BackgroundImageUri>/CanvasApps/new_insta_8ce55_BackgroundImageUri</BackgroundImageUri>
      <DocumentUri>/CanvasApps/new_insta_8ce55_DocumentUri.msapp</DocumentUri>
    </CanvasApp>
  </CanvasApps>
  <Languages>
    <Language>1033</Language>
  </Languages>
</ImportExportXml>