{"schemaVersion":"1.0","appDefinitionTemplate":{"id":"/providers/Microsoft.PowerApps/apps/","type":"Microsoft.PowerApps/apps","tags":{"primaryDeviceWidth":"1024","primaryDeviceHeight":"768","supportsPortrait":"false","supportsLandscape":"true","primaryFormFactor":"Tablet","publisherVersion":"3.22041.27","minimumRequiredApiVersion":"2.2.0","hasComponent":"false","hasUnlockedComponent":"false","isUnifiedRootApp":"false","sienaVersion":"20220420T220058Z-3.22041.27.0"},"properties":{"appVersion":"2022-04-20T22:00:58Z","lifeCycleId":"Published","createdByClientVersion":{"major":3,"minor":22041,"build":27,"revision":0,"majorRevision":0,"minorRevision":0},"minClientVersion":{"major":3,"minor":22041,"build":27,"revision":0,"majorRevision":0,"minorRevision":0},"backgroundColor":"rgba(104, 101, 171, 1)","backgroundImageUri":"/15685446353465962742/Nd4f7f889-e8bb-4da4-b957-817fb9437aad-logoSmallFile","displayName":"Service Desk v2","description":"","commitMessage":"","appUris":{"documentUri":{"value":"/15685446353465962742/Nc8e079bd-994e-4a1e-85cb-325d2e3b8987-document.msapp"},"imageUris":[],"additionalUris":[]},"createdTime":"0001-01-01T00:00:00Z","lastModifiedTime":"0001-01-01T00:00:00Z","sharedGroupsCount":0,"sharedUsersCount":0,"icons":{"smallIconUri":"/15685446353465962742/Na217b59f-865a-4156-a225-9071a79270ba-small.png","mediumIconUri":"/15685446353465962742/N86215cb7-80e4-4fdd-adc1-a8a6efd387d9-medium.png","largeIconUri":"/15685446353465962742/N138113ef-998b-437c-ad63-a1af57b91964-large.png","wideIconUri":"/15685446353465962742/N796fd724-d3d9-4a77-bdbc-6115df7d3de0-wide.png"},"connectionReferences":{"9f47d6b5-8b6a-4ff6-aae5-21e74be8d9de":{"id":"86ac3eae-2e86-470c-be28-02280b52a2d4","displayName":"Excel","iconUri":"https://connectoricons-prod.azureedge.net/releases/v1.0.1570/1.0.1570.2764/excel/icon.png","dataSources":["AccountNameTypes","Attendants","CaseStatus","Filterby","PriorityTypes","Tickets","TicketTypes"],"dependencies":["61c4ef2e-04f7-4701-8c8a-29e366c38849"],"dependents":[],"parameterHints":{"61c4ef2e-04f7-4701-8c8a-29e366c38849":{"value":"fileSource"}},"parameterHintsV2":{"fileSource":{"value":"61c4ef2e-04f7-4701-8c8a-29e366c38849"}},"isOnPremiseConnection":false,"bypassConsent":false,"dataSets":{"b!SJdY87vVp0e0w5OcsWekip0b40h_dJZCpb0_7CwVPtO018DulhM_RIyb1tmK73ip.01A4P7C7QOMBD4MIEE2JFK4S7UNXDCSHSF":{"dataSources":{"AccountNameTypes":{"tableName":"AccountNameTypes"},"Attendants":{"tableName":"Attendants"},"CaseStatus":{"tableName":"CaseStatus"},"Filterby":{"tableName":"Filterby"},"PriorityTypes":{"tableName":"PriorityTypes"},"Tickets":{"tableName":"Tickets"},"TicketTypes":{"tableName":"TicketTypes"}}}},"apiTier":"Standard","isCustomApiConnection":false,"actions":["providers/PowerPlatform.Governance/Operations/Read"]},"61c4ef2e-04f7-4701-8c8a-29e366c38849":{"id":"83395ded-94df-4ef3-a851-f6a55209ef92","displayName":"OneDrive for Business","iconUri":"https://connectoricons-prod.azureedge.net/releases/v1.0.1546/1.0.1546.2665/onedriveforbusiness/icon.png","dataSources":[],"dependencies":[],"dependents":["9f47d6b5-8b6a-4ff6-aae5-21e74be8d9de"],"parameterHints":{},"parameterHintsV2":{},"isOnPremiseConnection":false,"bypassConsent":false,"dataSets":{},"apiTier":"Standard","isCustomApiConnection":false}},"databaseReferences":{},"almMode":"Solution","performanceOptimizationEnabled":true,"canConsumeAppPass":true,"executionRestrictions":{"isTeamsOnly":false,"dataLossPreventionEvaluationResult":{"status":"Compliant","lastEvaluationDate":"2022-04-20T21:44:36.9109408Z","violations":[],"violationsByPolicy":[],"violationErrorMessage":"The app uses the following connectors: shared_excel, shared_onedriveforbusiness."}}},"appType":"ClassicCanvasApp","appComponents":[]}}