<ImportExportXml xmlns:xsi="http://www.w3.org/2001/XMLSchema-instance">
  <Entities></Entities>
  <Roles></Roles>
  <Workflows></Workflows>
  <FieldSecurityProfiles></FieldSecurityProfiles>
  <Templates />
  <EntityMaps />
  <EntityRelationships />
  <OrganizationSettings />
  <optionsets />
  <CustomControls />
  <EntityDataProviders />
  <CanvasApps>
    <CanvasApp>
      <Name>new_servicedeskv2_41e3b</Name>
      <AppVersion>2022-04-20T22:00:58Z</AppVersion>
      <Status>Ready</Status>
      <CreatedByClientVersion>3.22041.27.0</CreatedByClientVersion>
      <MinClientVersion>3.22041.27.0</MinClientVersion>
      <Tags>{"primaryDeviceWidth":"1024","primaryDeviceHeight":"768","supportsPortrait":"false","supportsLandscape":"true","primaryFormFactor":"Tablet","publisherVersion":"3.22041.27","minimumRequiredApiVersion":"2.2.0","hasComponent":"false","hasUnlockedComponent":"false","isUnifiedRootApp":"false","sienaVersion":"20220420T220058Z-3.22041.27.0"}</Tags>
      <IsCdsUpgraded>0</IsCdsUpgraded>
      <GalleryItemId xsi:nil="true"></GalleryItemId>
      <BackgroundColor>rgba(104, 101, 171, 1)</BackgroundColor>
      <DisplayName>Service Desk v2</DisplayName>
      <Description xsi:nil="true"></Description>
      <CommitMessage xsi:nil="true"></CommitMessage>
      <Publisher xsi:nil="true"></Publisher>
      <AuthorizationReferences>[]</AuthorizationReferences>
      <ConnectionReferences>{"9f47d6b5-8b6a-4ff6-aae5-21e74be8d9de":{"id":"/providers/microsoft.powerapps/apis/shared_excel","displayName":"Excel","iconUri":"https://connectoricons-prod.azureedge.net/releases/v1.0.1570/1.0.1570.2764/excel/icon.png","dataSources":["AccountNameTypes","Attendants","CaseStatus","Filterby","PriorityTypes","Tickets","TicketTypes"],"dependencies":["61c4ef2e-04f7-4701-8c8a-29e366c38849"],"dependents":[],"parameterHints":{"61c4ef2e-04f7-4701-8c8a-29e366c38849":{"value":"fileSource"}},"parameterHintsV2":{"fileSource":{"value":"61c4ef2e-04f7-4701-8c8a-29e366c38849"}},"isOnPremiseConnection":false,"bypassConsent":false,"dataSets":{"b!SJdY87vVp0e0w5OcsWekip0b40h_dJZCpb0_7CwVPtO018DulhM_RIyb1tmK73ip.01A4P7C7QOMBD4MIEE2JFK4S7UNXDCSHSF":{"dataSources":{"AccountNameTypes":{"tableName":"AccountNameTypes"},"Attendants":{"tableName":"Attendants"},"CaseStatus":{"tableName":"CaseStatus"},"Filterby":{"tableName":"Filterby"},"PriorityTypes":{"tableName":"PriorityTypes"},"Tickets":{"tableName":"Tickets"},"TicketTypes":{"tableName":"TicketTypes"}}}},"apiTier":"Standard","actions":["providers/PowerPlatform.Governance/Operations/Read"]},"61c4ef2e-04f7-4701-8c8a-29e366c38849":{"id":"/providers/microsoft.powerapps/apis/shared_onedriveforbusiness","displayName":"OneDrive for Business","iconUri":"https://connectoricons-prod.azureedge.net/releases/v1.0.1546/1.0.1546.2665/onedriveforbusiness/icon.png","dataSources":[],"dependencies":[],"dependents":["9f47d6b5-8b6a-4ff6-aae5-21e74be8d9de"],"parameterHints":{},"parameterHintsV2":{},"isOnPremiseConnection":false,"bypassConsent":false,"dataSets":{},"apiTier":"Standard"}}</ConnectionReferences>
      <DatabaseReferences>{}</DatabaseReferences>
      <AppComponents>[]</AppComponents>
      <AppComponentDependencies>[]</AppComponentDependencies>
      <CanConsumeAppPass>1</CanConsumeAppPass>
      <CanvasAppType>0</CanvasAppType>
      <BypassConsent>0</BypassConsent>
      <AdminControlBypassConsent>0</AdminControlBypassConsent>
      <EmbeddedApp xsi:nil="true"></EmbeddedApp>
      <IntroducedVersion>1.0</IntroducedVersion>
      <CdsDependencies>{"cdsdependencies":[]}</CdsDependencies>
      <IsCustomizable>1</IsCustomizable>
      <BackgroundImageUri>/CanvasApps/new_servicedeskv2_41e3b_BackgroundImageUri</BackgroundImageUri>
      <DocumentUri>/CanvasApps/new_servicedeskv2_41e3b_DocumentUri.msapp</DocumentUri>
    </CanvasApp>
  </CanvasApps>
  <Languages>
    <Language>1033</Language>
  </Languages>
</ImportExportXml>